Player,Top team,Last team,Number of teams,Number of transactions,Number of trades,Points,Avg points,Weeks missed due to injury,Weeks missed due to suspension,Weeks as starter,% of points (highest team),% of points (lowest team),Times as Player of the week?,Times as QB of the week?,Times as RB of the week?,Times as WR of the week?,Times as TE of the week?,Times as Benchwarmer of the week?,Times as Bench QB of the week?,Times as Bench RB of the week?,Times as Bench WR of the week?,Times as Bench TE of the week?,Times as Highest starter on team?,Times as Lowest starter on team?,Rookie?,Age,Best week,Worst week
A.J. Brown,,,,,,1165.3,,,,,,,,,,,,,,,,,,,,,39.6,0.0
A.J. Dillon,,,,,,457.8,,,,,,,,,,,,,,,,,,,,,26.8,-1.2
A.J. Green,,,,,,57.900000000000006,,,,,,,,,,,,,,,,,,,,,17.2,0.0
A.T. Perry,,,,,,3.2,,,,,,,,,,,,,,,,,,,,,1.7,0.0
AJ Barner,,,,,,76.5,,,,,,,,,,,,,,,,,,,,,16.1,0.0
Aaron Jones,,,,,,911.1,,,,,,,,,,,,,,,,,,,,,41.5,0.0
Aaron Rodgers,,,,,,968.7,,,,,,,,,,,,,,,,,,,,,32.5,0.0
Adam Thielen,,,,,,732.1,,,,,,,,,,,,,,,,,,,,,31.5,0.0
Adonai Mitchell,,,,,,135.45999999999998,,,,,,,,,,,,,,,,,,,,,24.2,-3.0
Adrian Peterson,,,,,,9.6,,,,,,,,,,,,,,,,,,,,,9.6,0.0
Aidan O'Connell,,,,,,114.12,,,,,,,,,,,,,,,,,,,,,25.92,0.0
Albert Okwuegbunam,,,,,,12.0,,,,,,,,,,,,,,,,,,,,,8.3,0.0
Alec Pierce,,,,,,414.6,,,,,,,,,,,,,,,,,,,,,24.6,0.0
Alex Collins,,,,,,45.300000000000004,,,,,,,,,,,,,,,,,,,,,16.8,0.0
Alexander Mattison,,,,,,445.4,,,,,,,,,,,,,,,,,,,,,26.3,-0.1
Allen Lazard,,,,,,295.2,,,,,,,,,,,,,,,,,,,,,23.4,0.0
Allen Robinson,,,,,,169.4,,,,,,,,,,,,,,,,,,,,,17.3,0.0
Alvin Kamara,,,,,,1014.1999999999999,,,,,,,,,,,,,,,,,,,,,44.0,0.0
Amari Cooper,,,,,,776.2,,,,,,,,,,,,,,,,,,,,,51.5,0.0
Amari Rodgers,,,,,,6.1,,,,,,,,,,,,,,,,,,,,,2.9,-1.0
Ameer Abdullah,,,,,,17.7,,,,,,,,,,,,,,,,,,,,,17.7,17.7
Amon-Ra St. Brown,,,,,,1347.18,,,,,,,,,,,,,,,,,,,,,41.4,0.0
Andrei Iosivas,,,,,,116.7,,,,,,,,,,,,,,,,,,,,,16.2,0.0
Andy Dalton,,,,,,31.98,,,,,,,,,,,,,,,,,,,,,15.7,-0.42
Anthony Richardson,,,,,,230.2,,,,,,,,,,,,,,,,,,,,,28.6,-0.1
Anthony Schwartz,,,,,,2.5,,,,,,,,,,,,,,,,,,,,,2.5,0.0
Antonio Brown,,,,,,121.1,,,,,,,,,,,,,,,,,,,,,31.4,0.0
Antonio Gibson,,,,,,569.1,,,,,,,,,,,,,,,,,,,,,23.6,-0.3
Arian Smith,,,,,,11.8,,,,,,,,,,,,,,,,,,,,,3.3,0.0
Ashton Jeanty,,,,,,222.4,,,,,,,,,,,,,,,,,,,,,33.5,0.0
Audric Estime,,,,,,44.9,,,,,,,,,,,,,,,,,,,,,10.8,0.0
Austin Ekeler,,,,,,986.3,,,,,,,,,,,,,,,,,,,,,41.5,0.0
Bailey Zappe,,,,,,7.24,,,,,,,,,,,,,,,,,,,,,7.24,7.24
Baker Mayfield,,,,,,1032.82,,,,,,,,,,,,,,,,,,,,,34.56,0.0
Beaux Collins,,,,,,4.5,,,,,,,,,,,,,,,,,,,,,2.8,0.0
Ben Roethlisberger,,,,,,11.02,,,,,,,,,,,,,,,,,,,,,11.02,11.02
Ben Sinnott,,,,,,34.0,,,,,,,,,,,,,,,,,,,,,8.6,0.0
Bhayshul Tuten,,,,,,79.3,,,,,,,,,,,,,,,,,,,,,15.4,-2.5
Bijan Robinson,,,,,,851.2,,,,,,,,,,,,,,,,,,,,,35.8,0.0
Blake Corum,,,,,,142.8,,,,,,,,,,,,,,,,,,,,,26.1,-0.4
Bo Nix,,,,,,553.48,,,,,,,,,,,,,,,,,,,,,38.96,0.0
Brady Cook,,,,,,13.18,,,,,,,,,,,,,,,,,,,,,8.94,0.0
Braelon Allen,,,,,,96.2,,,,,,,,,,,,,,,,,,,,,19.6,0.0
Brandin Cooks,,,,,,571.8,,,,,,,,,,,,,,,,,,,,,32.3,0.0
Brandon Aiyuk,,,,,,676.6,,,,,,,,,,,,,,,,,,,,,32.9,0.0
Brandon Bolden,,,,,,29.5,,,,,,,,,,,,,,,,,,,,,10.0,3.6
Brashard Smith,,,,,,45.0,,,,,,,,,,,,,,,,,,,,,13.1,-0.2
Braxton Berrios,,,,,,25.7,,,,,,,,,,,,,,,,,,,,,25.7,25.7
Breece Hall,,,,,,780.0600000000001,,,,,,,,,,,,,,,,,,,,,43.1,0.0
Brenton Strange,,,,,,94.6,,,,,,,,,,,,,,,,,,,,,14.9,0.0
Brevin Jordan,,,,,,71.5,,,,,,,,,,,,,,,,,,,,,13.1,0.0
Brian Robinson,,,,,,511.3,,,,,,,,,,,,,,,,,,,,,28.9,0.0
Brian Thomas,,,,,,389.7,,,,,,,,,,,,,,,,,,,,,32.5,0.0
Brock Bowers,,,,,,423.9,,,,,,,,,,,,,,,,,,,,,43.3,0.0
Brock Purdy,,,,,,759.94,,,,,,,,,,,,,,,,,,,,,30.28,0.0
Bryan Edwards,,,,,,84.5,,,,,,,,,,,,,,,,,,,,,17.8,0.0
Bryce Perkins,,,,,,8.9,,,,,,,,,,,,,,,,,,,,,8.4,0.5
Bryce Young,,,,,,493.44,,,,,,,,,,,,,,,,,,,,,31.82,-0.16
Bub Means,,,,,,11.3,,,,,,,,,,,,,,,,,,,,,6.7,0.0
Bucky Irving,,,,,,346.4,,,,,,,,,,,,,,,,,,,,,27.5,0.0
C.J. Stroud,,,,,,639.36,,,,,,,,,,,,,,,,,,,,,40.8,0.0
Cade Otton,,,,,,279.7,,,,,,,,,,,,,,,,,,,,,29.1,-0.4
Caleb Huntley,,,,,,3.6,,,,,,,,,,,,,,,,,,,,,3.4,0.0
Caleb Williams,,,,,,512.22,,,,,,,,,,,,,,,,,,,,,38.7,0.0
Calvin Austin,,,,,,74.0,,,,,,,,,,,,,,,,,,,,,15.2,0.0
Calvin Ridley,,,,,,513.6,,,,,,,,,,,,,,,,,,,,,31.1,0.0
Cam Akers,,,,,,190.9,,,,,,,,,,,,,,,,,,,,,34.7,0.0
Cam Miller,,,,,,0.0,,,,,,,,,,,,,,,,,,,,,0.0,0.0
Cam Newton,,,,,,83.36,,,,,,,,,,,,,,,,,,,,,26.16,0.0
Cam Skattebo,,,,,,127.7,,,,,,,,,,,,,,,,,,,,,31.0,0.0
Cam Ward,,,,,,157.44,,,,,,,,,,,,,,,,,,,,,23.94,0.0
Carlos Hyde,,,,,,7.3,,,,,,,,,,,,,,,,,,,,,7.3,7.3
Carson Steele,,,,,,8.9,,,,,,,,,,,,,,,,,,,,,8.4,-0.4
Carson Wentz,,,,,,351.12,,,,,,,,,,,,,,,,,,,,,27.72,0.0
Cedric Tillman,,,,,,143.79999999999998,,,,,,,,,,,,,,,,,,,,,28.9,0.0
CeeDee Lamb,,,,,,1331.7,,,,,,,,,,,,,,,,,,,,,41.0,0.0
Chase Brown,,,,,,532.7,,,,,,,,,,,,,,,,,,,,,32.9,0.0
Chase Claypool,,,,,,248.73999999999998,,,,,,,,,,,,,,,,,,,,,24.0,0.0
Chase Edmonds,,,,,,194.8,,,,,,,,,,,,,,,,,,,,,26.7,0.0
Chig Okonkwo,,,,,,171.6,,,,,,,,,,,,,,,,,,,,,18.5,0.0
Chimere Dike,,,,,,102.0,,,,,,,,,,,,,,,,,,,,,21.4,-0.4
Chris Carson,,,,,,48.1,,,,,,,,,,,,,,,,,,,,,16.2,0.0
Chris Evans,,,,,,3.5,,,,,,,,,,,,,,,,,,,,,3.5,3.5
Chris Godwin,,,,,,847.6,,,,,,,,,,,,,,,,,,,,,35.5,0.0
Chris Olave,,,,,,718.7,,,,,,,,,,,,,,,,,,,,,36.8,-0.5
Chris Rodriguez,,,,,,51.8,,,,,,,,,,,,,,,,,,,,,19.5,0.0
Christian Kirk,,,,,,697.58,,,,,,,,,,,,,,,,,,,,,31.5,0.0
Christian McCaffrey,,,,,,1277.86,,,,,,,,,,,,,,,,,,,,,48.7,0.0
Christian Watson,,,,,,464.2,,,,,,,,,,,,,,,,,,,,,32.7,0.0
Chuba Hubbard,,,,,,704.1999999999999,,,,,,,,,,,,,,,,,,,,,32.5,0.0
Clayton Tune,,,,,,-0.88,,,,,,,,,,,,,,,,,,,,,-0.88,-0.88
Clyde Edwards-Helaire,,,,,,275.6,,,,,,,,,,,,,,,,,,,,,22.4,0.0
Colby Parkinson,,,,,,28.2,,,,,,,,,,,,,,,,,,,,,12.2,0.0
Cole Beasley,,,,,,157.9,,,,,,,,,,,,,,,,,,,,,21.8,0.0
Cole Kmet,,,,,,494.6,,,,,,,,,,,,,,,,,,,,,27.6,0.0
Colston Loveland,,,,,,118.60000000000001,,,,,,,,,,,,,,,,,,,,,29.8,0.0
Cooper Kupp,,,,,,1009.0,,,,,,,,,,,,,,,,,,,,,37.6,0.0
Cooper Rush,,,,,,65.6,,,,,,,,,,,,,,,,,,,,,18.06,-2.0
Cordarrelle Patterson,,,,,,343.6,,,,,,,,,,,,,,,,,,,,,34.6,0.0
Corey Davis,,,,,,135.1,,,,,,,,,,,,,,,,,,,,,26.7,0.0
Courtland Sutton,,,,,,913.1,,,,,,,,,,,,,,,,,,,,,29.7,0.0
Curtis Samuel,,,,,,340.7,,,,,,,,,,,,,,,,,,,,,22.9,0.0
D'Andre Swift,,,,,,966.0,,,,,,,,,,,,,,,,,,,,,29.5,0.0
D'Ernest Johnson,,,,,,86.8,,,,,,,,,,,,,,,,,,,,,24.8,0.0
D'Onta Foreman,,,,,,191.6,,,,,,,,,,,,,,,,,,,,,33.0,-0.6
DJ Chark,,,,,,161.70000000000002,,,,,,,,,,,,,,,,,,,,,21.4,0.0
DJ Giddens,,,,,,6.6,,,,,,,,,,,,,,,,,,,,,4.1,0.0
DJ Moore,,,,,,1076.08,,,,,,,,,,,,,,,,,,,,,49.0,0.0
DK Metcalf,,,,,,1039.8,,,,,,,,,,,,,,,,,,,,,37.4,0.0
Dak Prescott,,,,,,1183.24,,,,,,,,,,,,,,,,,,,,,37.86,0.0
Dallas Goedert,,,,,,696.9,,,,,,,,,,,,,,,,,,,,,28.5,0.0
Dalton Kincaid,,,,,,352.0,,,,,,,,,,,,,,,,,,,,,22.1,0.0
Dalton Schultz,,,,,,607.7,,,,,,,,,,,,,,,,,,,,,27.0,0.0
Dalvin Cook,,,,,,449.0,,,,,,,,,,,,,,,,,,,,,35.2,0.0
Dameon Pierce,,,,,,248.9,,,,,,,,,,,,,,,,,,,,,25.9,0.0
Damien Harris,,,,,,285.2,,,,,,,,,,,,,,,,,,,,,28.3,0.0
Damien Williams,,,,,,17.9,,,,,,,,,,,,,,,,,,,,,16.4,-0.3
Dan Arnold,,,,,,15.6,,,,,,,,,,,,,,,,,,,,,13.7,0.0
Daniel Bellinger,,,,,,102.5,,,,,,,,,,,,,,,,,,,,,14.8,0.0
Daniel Jones,,,,,,857.22,,,,,,,,,,,,,,,,,,,,,36.18,0.0
Dare Ogunbowale,,,,,,14.8,,,,,,,,,,,,,,,,,,,,,14.8,14.8
Darius Slayton,,,,,,92.6,,,,,,,,,,,,,,,,,,,,,15.0,1.4
Darnell Mooney,,,,,,600.7,,,,,,,,,,,,,,,,,,,,,31.5,0.0
Darrel Williams,,,,,,42.599999999999994,,,,,,,,,,,,,,,,,,,,,23.9,8.0
Darrell Henderson,,,,,,280.4,,,,,,,,,,,,,,,,,,,,,24.7,0.0
Darren Waller,,,,,,382.3,,,,,,,,,,,,,,,,,,,,,26.5,0.0
Davante Adams,,,,,,1348.2,,,,,,,,,,,,,,,,,,,,,42.8,0.0
David Bell,,,,,,45.4,,,,,,,,,,,,,,,,,,,,,6.3,0.0
David Johnson,,,,,,43.2,,,,,,,,,,,,,,,,,,,,,11.8,1.1
David Montgomery,,,,,,931.04,,,,,,,,,,,,,,,,,,,,,34.1,0.0
David Njoku,,,,,,532.0,,,,,,,,,,,,,,,,,,,,,27.1,0.0
Davis Allen,,,,,,2.4,,,,,,,,,,,,,,,,,,,,,2.4,0.0
Davis Mills,,,,,,205.56,,,,,,,,,,,,,,,,,,,,,19.4,-5.32
Dawson Knox,,,,,,248.9,,,,,,,,,,,,,,,,,,,,,21.8,0.0
De'Von Achane,,,,,,766.0,,,,,,,,,,,,,,,,,,,,,51.3,0.0
DeAndre Carter,,,,,,33.0,,,,,,,,,,,,,,,,,,,,,16.4,6.3
DeAndre Hopkins,,,,,,663.7,,,,,,,,,,,,,,,,,,,,,34.8,-0.2
DeMario Douglas,,,,,,244.6,,,,,,,,,,,,,,,,,,,,,21.2,0.0
DeVante Parker,,,,,,102.19999999999999,,,,,,,,,,,,,,,,,,,,,17.7,0.0
DeVonta Smith,,,,,,1035.5,,,,,,,,,,,,,,,,,,,,,33.3,0.0
Dee Eskridge,,,,,,27.700000000000003,,,,,,,,,,,,,,,,,,,,,12.5,0.0
DeeJay Dallas,,,,,,2.1,,,,,,,,,,,,,,,,,,,,,2.0,0.0
Deebo Samuel,,,,,,1031.9,,,,,,,,,,,,,,,,,,,,,35.8,0.0
Demarcus Robinson,,,,,,125.5,,,,,,,,,,,,,,,,,,,,,27.4,0.0
Demaryius Thomas,,,,,,0.0,,,,,,,,,,,,,,,,,,,,,0.0,0.0
Deneric Prince,,,,,,0.0,,,,,,,,,,,,,,,,,,,,,0.0,0.0
Deon Jackson,,,,,,37.6,,,,,,,,,,,,,,,,,,,,,28.1,3.9
Derek Carr,,,,,,808.56,,,,,,,,,,,,,,,,,,,,,24.96,0.0
Derrick Henry,,,,,,1228.22,,,,,,,,,,,,,,,,,,,,,47.7,0.0
Deshaun Watson,,,,,,226.5,,,,,,,,,,,,,,,,,,,,,21.86,-1.8
Desmond Ridder,,,,,,178.36,,,,,,,,,,,,,,,,,,,,,26.16,-1.32
Deuce Vaughn,,,,,,15.0,,,,,,,,,,,,,,,,,,,,,6.2,0.0
Devaughn Vele,,,,,,89.2,,,,,,,,,,,,,,,,,,,,,14.0,0.0
Devin Duvernay,,,,,,72.6,,,,,,,,,,,,,,,,,,,,,16.4,0.0
Devin Neal,,,,,,60.0,,,,,,,,,,,,,,,,,,,,,15.4,0.0
Devin Singletary,,,,,,590.34,,,,,,,,,,,,,,,,,,,,,24.1,0.0
Devonta Freeman,,,,,,97.8,,,,,,,,,,,,,,,,,,,,,20.7,0.0
Devontae Booker,,,,,,112.1,,,,,,,,,,,,,,,,,,,,,17.5,0.0
Dez Fitzpatrick,,,,,,0.0,,,,,,,,,,,,,,,,,,,,,0.0,0.0
Dillon Gabriel,,,,,,70.08,,,,,,,,,,,,,,,,,,,,,20.08,0.0
Diontae Johnson,,,,,,652.9,,,,,,,,,,,,,,,,,,,,,30.5,0.0
Donovan Peoples-Jones,,,,,,153.5,,,,,,,,,,,,,,,,,,,,,19.4,0.0
Dont'e Thornton,,,,,,20.3,,,,,,,,,,,,,,,,,,,,,6.5,0.0
Dontayvion Wicks,,,,,,211.6,,,,,,,,,,,,,,,,,,,,,28.0,0.0
Dontrell Hilliard,,,,,,11.200000000000001,,,,,,,,,,,,,,,,,,,,,9.9,1.3
Dorian Thompson-Robinson,,,,,,17.3,,,,,,,,,,,,,,,,,,,,,10.46,0.0
Drake London,,,,,,749.68,,,,,,,,,,,,,,,,,,,,,38.8,0.0
Drake Maye,,,,,,472.92,,,,,,,,,,,,,,,,,,,,,26.3,0.0
Drew Brees,,,,,,0.0,,,,,,,,,,,,,,,,,,,,,0.0,0.0
Drew Lock,,,,,,0.0,,,,,,,,,,,,,,,,,,,,,0.0,0.0
Dyami Brown,,,,,,49.6,,,,,,,,,,,,,,,,,,,,,7.3,-1.6
Dylan Laube,,,,,,0.0,,,,,,,,,,,,,,,,,,,,,0.0,0.0
Dylan Sampson,,,,,,75.5,,,,,,,,,,,,,,,,,,,,,17.3,-0.2
Easton Stick,,,,,,17.38,,,,,,,,,,,,,,,,,,,,,17.38,17.38
Elic Ayomanor,,,,,,94.8,,,,,,,,,,,,,,,,,,,,,15.6,0.0
Elijah Arroyo,,,,,,36.9,,,,,,,,,,,,,,,,,,,,,10.9,0.0
Elijah Mitchell,,,,,,215.4,,,,,,,,,,,,,,,,,,,,,27.8,-0.3
Elijah Moore,,,,,,416.4,,,,,,,,,,,,,,,,,,,,,29.6,0.0
Emanuel Wilson,,,,,,127.1,,,,,,,,,,,,,,,,,,,,,26.5,0.0
Emari Demercado,,,,,,47.1,,,,,,,,,,,,,,,,,,,,,14.0,0.0
Emeka Egbuka,,,,,,188.9,,,,,,,,,,,,,,,,,,,,,31.3,0.0
Emmanuel Sanders,,,,,,65.2,,,,,,,,,,,,,,,,,,,,,20.4,0.0
Eno Benjamin,,,,,,86.3,,,,,,,,,,,,,,,,,,,,,23.3,0.0
Eric Gray,,,,,,20.5,,,,,,,,,,,,,,,,,,,,,6.4,-2.0
Erick All,,,,,,28.6,,,,,,,,,,,,,,,,,,,,,6.8,0.0
Evan Engram,,,,,,591.4,,,,,,,,,,,,,,,,,,,,,39.2,0.0
Ezekiel Elliott,,,,,,644.76,,,,,,,,,,,,,,,,,,,,,27.0,0.0
Foster Moreau,,,,,,12.3,,,,,,,,,,,,,,,,,,,,,12.3,12.3
Gabe Davis,,,,,,385.7,,,,,,,,,,,,,,,,,,,,,32.1,0.0
Gardner Minshew,,,,,,286.58,,,,,,,,,,,,,,,,,,,,,27.1,0.0
Garrett Wilson,,,,,,745.9,,,,,,,,,,,,,,,,,,,,,30.0,0.0
Geno Smith,,,,,,812.72,,,,,,,,,,,,,,,,,,,,,29.96,0.0
George Kittle,,,,,,961.3,,,,,,,,,,,,,,,,,,,,,39.6,0.0
George Pickens,,,,,,793.4,,,,,,,,,,,,,,,,,,,,,34.5,0.0
Gerald Everett,,,,,,220.20000000000002,,,,,,,,,,,,,,,,,,,,,17.1,0.0
Greg Dortch,,,,,,70.0,,,,,,,,,,,,,,,,,,,,,17.0,0.0
Greg Dulcich,,,,,,94.8,,,,,,,,,,,,,,,,,,,,,14.5,0.0
Gunnar Helm,,,,,,90.60000000000001,,,,,,,,,,,,,,,,,,,,,14.9,0.0
Gus Edwards,,,,,,242.6,,,,,,,,,,,,,,,,,,,,,28.4,0.0
Harold Fannin,,,,,,175.4,,,,,,,,,,,,,,,,,,,,,25.4,0.0
Hassan Haskins,,,,,,24.2,,,,,,,,,,,,,,,,,,,,,7.3,0.0
Hayden Hurst,,,,,,69.6,,,,,,,,,,,,,,,,,,,,,17.3,0.0
Hendon Hooker,,,,,,0.0,,,,,,,,,,,,,,,,,,,,,0.0,0.0
Henry Ruggs,,,,,,84.5,,,,,,,,,,,,,,,,,,,,,22.5,6.6
Hunter Henry,,,,,,512.8,,,,,,,,,,,,,,,,,,,,,29.0,0.0
Hunter Renfrow,,,,,,246.7,,,,,,,,,,,,,,,,,,,,,28.7,0.0
Irv Smith,,,,,,28.4,,,,,,,,,,,,,,,,,,,,,9.7,0.0
Isaac Guerendo,,,,,,91.7,,,,,,,,,,,,,,,,,,,,,26.8,-2.0
Isaac TeSlaa,,,,,,59.2,,,,,,,,,,,,,,,,,,,,,15.2,0.0
Isaiah Bond,,,,,,49.400000000000006,,,,,,,,,,,,,,,,,,,,,10.9,0.0
Isaiah Davis,,,,,,63.7,,,,,,,,,,,,,,,,,,,,,17.9,0.0
Isaiah Hodgins,,,,,,110.7,,,,,,,,,,,,,,,,,,,,,22.9,0.0
Isaiah Likely,,,,,,295.7,,,,,,,,,,,,,,,,,,,,,26.1,0.0
Isaiah McKenzie,,,,,,15.7,,,,,,,,,,,,,,,,,,,,,9.9,5.8
Isaiah Spiller,,,,,,17.5,,,,,,,,,,,,,,,,,,,,,4.7,-0.5
Isiah Pacheco,,,,,,475.5,,,,,,,,,,,,,,,,,,,,,29.5,-0.1
Israel Abanikanda,,,,,,0.0,,,,,,,,,,,,,,,,,,,,,0.0,0.0
J.D. McKissic,,,,,,57.400000000000006,,,,,,,,,,,,,,,,,,,,,22.6,0.0
J.J. McCarthy,,,,,,113.4,,,,,,,,,,,,,,,,,,,,,23.5,-0.52
J.K. Dobbins,,,,,,390.1,,,,,,,,,,,,,,,,,,,,,24.5,0.0
Ja'Lynn Polk,,,,,,32.699999999999996,,,,,,,,,,,,,,,,,,,,,9.2,0.0
Ja'Marr Chase,,,,,,1417.02,,,,,,,,,,,,,,,,,,,,,55.6,0.0
Ja'Tavion Sanders,,,,,,119.7,,,,,,,,,,,,,,,,,,,,,12.7,0.0
JaMycal Hasty,,,,,,9.9,,,,,,,,,,,,,,,,,,,,,9.9,9.9
Jack Bech,,,,,,42.4,,,,,,,,,,,,,,,,,,,,,11.0,0.0
Jacob Cowing,,,,,,-2.0,,,,,,,,,,,,,,,,,,,,,0.0,-2.0
Jacoby Brissett,,,,,,150.16,,,,,,,,,,,,,,,,,,,,,21.88,0.0
Jacory Croskey-Merritt,,,,,,113.9,,,,,,,,,,,,,,,,,,,,,27.0,0.0
Jahan Dotson,,,,,,267.0,,,,,,,,,,,,,,,,,,,,,24.8,0.0
Jahmyr Gibbs,,,,,,888.2,,,,,,,,,,,,,,,,,,,,,55.4,0.0
Jake Bobo,,,,,,23.8,,,,,,,,,,,,,,,,,,,,,10.6,0.0
Jake Browning,,,,,,143.22,,,,,,,,,,,,,,,,,,,,,26.66,0.0
Jake Ferguson,,,,,,441.4,,,,,,,,,,,,,,,,,,,,,23.9,0.0
Jake Fromm,,,,,,-0.8,,,,,,,,,,,,,,,,,,,,,-0.8,-0.8
Jake Tonges,,,,,,30.2,,,,,,,,,,,,,,,,,,,,,11.8,0.0
Jakobi Meyers,,,,,,862.88,,,,,,,,,,,,,,,,,,,,,29.1,0.0
Jaleel McLaughlin,,,,,,145.3,,,,,,,,,,,,,,,,,,,,,17.9,0.0
Jalen Coker,,,,,,114.1,,,,,,,,,,,,,,,,,,,,,21.0,0.0
Jalen Hurts,,,,,,1617.14,,,,,,,,,,,,,,,,,,,,,35.14,0.0
Jalen McMillan,,,,,,125.8,,,,,,,,,,,,,,,,,,,,,23.0,0.0
Jalen Milroe,,,,,,-1.6,,,,,,,,,,,,,,,,,,,,,0.3,-2.0
Jalen Nailor,,,,,,37.4,,,,,,,,,,,,,,,,,,,,,12.4,0.0
Jalen Reagor,,,,,,71.2,,,,,,,,,,,,,,,,,,,,,16.9,-0.3
Jalen Royals,,,,,,0.0,,,,,,,,,,,,,,,,,,,,,0.0,0.0
Jalen Tolbert,,,,,,151.0,,,,,,,,,,,,,,,,,,,,,21.7,0.0
Jalin Hyatt,,,,,,61.6,,,,,,,,,,,,,,,,,,,,,15.9,0.0
Jamaal Williams,,,,,,331.3,,,,,,,,,,,,,,,,,,,,,25.0,0.0
Jameis Winston,,,,,,275.94,,,,,,,,,,,,,,,,,,,,,32.98,-1.36
James Conner,,,,,,880.8,,,,,,,,,,,,,,,,,,,,,39.3,0.0
James Cook,,,,,,868.8,,,,,,,,,,,,,,,,,,,,,36.1,-1.8
James Mitchell,,,,,,13.4,,,,,,,,,,,,,,,,,,,,,8.8,0.0
James Robinson,,,,,,259.5,,,,,,,,,,,,,,,,,,,,,24.4,0.0
James White,,,,,,0.6,,,,,,,,,,,,,,,,,,,,,0.6,0.0
Jameson Williams,,,,,,498.0,,,,,,,,,,,,,,,,,,,,,26.9,0.0
Jamison Crowder,,,,,,8.4,,,,,,,,,,,,,,,,,,,,,8.4,0.0
Jared Cook,,,,,,14.100000000000001,,,,,,,,,,,,,,,,,,,,,9.4,4.7
Jared Goff,,,,,,1135.0,,,,,,,,,,,,,,,,,,,,,40.06,0.0
Jared Wiley,,,,,,1.7,,,,,,,,,,,,,,,,,,,,,1.7,0.0
Jaren Hall,,,,,,3.3,,,,,,,,,,,,,,,,,,,,,4.22,-0.92
Jaret Patterson,,,,,,49.4,,,,,,,,,,,,,,,,,,,,,20.8,0.0
Jarquez Hunter,,,,,,0.0,,,,,,,,,,,,,,,,,,,,,0.0,0.0
Jarvis Landry,,,,,,146.29999999999998,,,,,,,,,,,,,,,,,,,,,19.4,0.0
Jauan Jennings,,,,,,361.3,,,,,,,,,,,,,,,,,,,,,46.5,0.0
Javon Baker,,,,,,0.0,,,,,,,,,,,,,,,,,,,,,0.0,0.0
Javonte Williams,,,,,,774.7,,,,,,,,,,,,,,,,,,,,,28.8,0.0
Jaxon Smith-Njigba,,,,,,719.4,,,,,,,,,,,,,,,,,,,,,37.1,0.0
Jaxson Dart,,,,,,194.1,,,,,,,,,,,,,,,,,,,,,28.42,-0.3
Jayden Daniels,,,,,,459.88,,,,,,,,,,,,,,,,,,,,,34.42,0.0
Jayden Higgins,,,,,,102.4,,,,,,,,,,,,,,,,,,,,,15.2,0.0
Jayden Reed,,,,,,430.3,,,,,,,,,,,,,,,,,,,,,33.1,0.0
Jaydon Blue,,,,,,7.0,,,,,,,,,,,,,,,,,,,,,4.4,0.0
Jaylen Waddle,,,,,,1011.62,,,,,,,,,,,,,,,,,,,,,40.1,0.0
Jaylen Warren,,,,,,571.7,,,,,,,,,,,,,,,,,,,,,29.1,0.0
Jaylen Wright,,,,,,65.7,,,,,,,,,,,,,,,,,,,,,16.7,0.0
Jaylin Lane,,,,,,25.3,,,,,,,,,,,,,,,,,,,,,6.0,0.0
Jaylin Noel,,,,,,51.5,,,,,,,,,,,,,,,,,,,,,11.7,-0.3
Jeff Wilson,,,,,,163.0,,,,,,,,,,,,,,,,,,,,,22.3,0.0
Jeremy McNichols,,,,,,6.5,,,,,,,,,,,,,,,,,,,,,6.5,6.5
Jerick McKinnon,,,,,,160.06,,,,,,,,,,,,,,,,,,,,,34.2,0.0
Jermaine Burton,,,,,,14.7,,,,,,,,,,,,,,,,,,,,,5.7,0.0
Jerome Ford,,,,,,358.2,,,,,,,,,,,,,,,,,,,,,26.1,0.0
Jerry Jeudy,,,,,,718.5,,,,,,,,,,,,,,,,,,,,,40.5,0.0
Jimmy Garoppolo,,,,,,271.78000000000003,,,,,,,,,,,,,,,,,,,,,25.42,0.0
Jimmy Horn,,,,,,0.0,,,,,,,,,,,,,,,,,,,,,0.0,0.0
Joe Burrow,,,,,,1247.54,,,,,,,,,,,,,,,,,,,,,39.24,0.0
Joe Flacco,,,,,,271.24,,,,,,,,,,,,,,,,,,,,,30.7,0.0
Joe Mixon,,,,,,988.8,,,,,,,,,,,,,,,,,,,,,55.1,0.0
John Metchie,,,,,,46.2,,,,,,,,,,,,,,,,,,,,,18.5,0.0
Johnny Wilson,,,,,,0.0,,,,,,,,,,,,,,,,,,,,,0.0,0.0
Jonathan Mingo,,,,,,111.6,,,,,,,,,,,,,,,,,,,,,11.9,0.0
Jonathan Taylor,,,,,,1188.5,,,,,,,,,,,,,,,,,,,,,53.4,0.0
Jonathon Brooks,,,,,,7.5,,,,,,,,,,,,,,,,,,,,,7.1,-0.3
Jonnu Smith,,,,,,286.8,,,,,,,,,,,,,,,,,,,,,28.1,0.0
Jordan Addison,,,,,,537.9,,,,,,,,,,,,,,,,,,,,,39.3,0.0
Jordan James,,,,,,0.0,,,,,,,,,,,,,,,,,,,,,0.0,0.0
Jordan Love,,,,,,776.34,,,,,,,,,,,,,,,,,,,,,28.44,-0.3
Jordan Mason,,,,,,230.5,,,,,,,,,,,,,,,,,,,,,24.0,0.0
Jordan Travis,,,,,,0.0,,,,,,,,,,,,,,,,,,,,,0.0,0.0
Jordan Whittington,,,,,,40.2,,,,,,,,,,,,,,,,,,,,,15.9,0.0
Josh Allen,,,,,,1823.26,,,,,,,,,,,,,,,,,,,,,51.88,0.0
Josh Doctson,,,,,,0.0,,,,,,,,,,,,,,,,,,,,,0.0,0.0
Josh Downs,,,,,,434.8,,,,,,,,,,,,,,,,,,,,,23.5,0.0
Josh Gordon,,,,,,3.8,,,,,,,,,,,,,,,,,,,,,2.1,0.0
Josh Jacobs,,,,,,1217.3,,,,,,,,,,,,,,,,,,,,,48.3,0.0
Josh Reynolds,,,,,,91.0,,,,,,,,,,,,,,,,,,,,,21.1,0.0
Joshua Dobbs,,,,,,104.22,,,,,,,,,,,,,,,,,,,,,25.12,-0.02
Joshua Kelley,,,,,,46.5,,,,,,,,,,,,,,,,,,,,,13.5,0.0
Joshua Palmer,,,,,,427.2,,,,,,,,,,,,,,,,,,,,,30.6,0.0
JuJu Smith-Schuster,,,,,,281.5,,,,,,,,,,,,,,,,,,,,,25.4,0.0
Julio Jones,,,,,,106.1,,,,,,,,,,,,,,,,,,,,,18.8,0.0
Justice Hill,,,,,,197.5,,,,,,,,,,,,,,,,,,,,,22.2,0.0
Justin Fields,,,,,,873.14,,,,,,,,,,,,,,,,,,,,,42.72,0.0
Justin Herbert,,,,,,1365.04,,,,,,,,,,,,,,,,,,,,,42.82,0.0
Justin Jackson,,,,,,43.300000000000004,,,,,,,,,,,,,,,,,,,,,34.2,9.1
Justin Jefferson,,,,,,1319.54,,,,,,,,,,,,,,,,,,,,,39.4,0.0
Justin Watson,,,,,,7.3,,,,,,,,,,,,,,,,,,,,,7.3,0.0
Juwan Johnson,,,,,,187.9,,,,,,,,,,,,,,,,,,,,,22.7,0.0
K.J. Osborn,,,,,,134.8,,,,,,,,,,,,,,,,,,,,,20.5,0.0
KJ Hamler,,,,,,0.0,,,,,,,,,,,,,,,,,,,,,0.0,0.0
KaVontae Turpin,,,,,,10.5,,,,,,,,,,,,,,,,,,,,,6.4,4.1
Kadarius Toney,,,,,,161.66,,,,,,,,,,,,,,,,,,,,,29.6,0.0
Kaleb Johnson,,,,,,7.800000000000001,,,,,,,,,,,,,,,,,,,,,2.3,-1.2
Kalel Mullings,,,,,,0.3,,,,,,,,,,,,,,,,,,,,,0.3,0.0
Kalif Raymond,,,,,,4.2,,,,,,,,,,,,,,,,,,,,,4.2,4.2
Kareem Hunt,,,,,,577.3,,,,,,,,,,,,,,,,,,,,,27.5,0.0
Kayshon Boutte,,,,,,119.0,,,,,,,,,,,,,,,,,,,,,20.5,0.0
KeAndre Lambert-Smith,,,,,,1.1,,,,,,,,,,,,,,,,,,,,,1.1,0.0
Keaontay Ingram,,,,,,8.5,,,,,,,,,,,,,,,,,,,,,7.1,0.0
Keaton Mitchell,,,,,,101.8,,,,,,,,,,,,,,,,,,,,,13.6,0.0
Keenan Allen,,,,,,1004.5600000000001,,,,,,,,,,,,,,,,,,,,,44.46,0.0
Kellen Mond,,,,,,0.2,,,,,,,,,,,,,,,,,,,,,0.2,0.2
Kendre Miller,,,,,,90.8,,,,,,,,,,,,,,,,,,,,,13.0,0.0
Kendrick Bourne,,,,,,77.1,,,,,,,,,,,,,,,,,,,,,19.2,0.3
Kenneth Gainwell,,,,,,448.68,,,,,,,,,,,,,,,,,,,,,31.4,0.0
Kenneth Walker,,,,,,725.5,,,,,,,,,,,,,,,,,,,,,33.6,0.0
Kenny Golladay,,,,,,88.10000000000001,,,,,,,,,,,,,,,,,,,,,17.6,0.0
Kenny Pickett,,,,,,267.56,,,,,,,,,,,,,,,,,,,,,19.06,-0.2
Kenyan Drake,,,,,,102.0,,,,,,,,,,,,,,,,,,,,,21.3,0.0
Keon Coleman,,,,,,199.0,,,,,,,,,,,,,,,,,,,,,25.2,0.0
KhaDarel Hodge,,,,,,0.0,,,,,,,,,,,,,,,,,,,,,0.0,0.0
Khalil Herbert,,,,,,304.4,,,,,,,,,,,,,,,,,,,,,30.9,-0.7
Khalil Shakir,,,,,,402.8,,,,,,,,,,,,,,,,,,,,,21.6,0.0
Kimani Vidal,,,,,,143.7,,,,,,,,,,,,,,,,,,,,,22.8,0.0
Kirk Cousins,,,,,,900.48,,,,,,,,,,,,,,,,,,,,,34.36,0.0
Kyle Monangai,,,,,,133.1,,,,,,,,,,,,,,,,,,,,,22.8,0.0
Kyle Philips,,,,,,1.2,,,,,,,,,,,,,,,,,,,,,1.7,-0.5
Kyle Pitts,,,,,,705.1,,,,,,,,,,,,,,,,,,,,,45.6,0.0
Kyle Trask,,,,,,0.0,,,,,,,,,,,,,,,,,,,,,0.0,0.0
Kyle Williams,,,,,,43.7,,,,,,,,,,,,,,,,,,,,,14.2,-0.2
Kyler Murray,,,,,,929.62,,,,,,,,,,,,,,,,,,,,,33.56,0.0
Kyren Williams,,,,,,773.4,,,,,,,,,,,,,,,,,,,,,38.4,0.0
Ladd McConkey,,,,,,399.2,,,,,,,,,,,,,,,,,,,,,29.4,0.0
Lamar Jackson,,,,,,1389.12,,,,,,,,,,,,,,,,,,,,,41.88,0.0
Laquon Treadwell,,,,,,9.4,,,,,,,,,,,,,,,,,,,,,9.4,9.4
Latavius Murray,,,,,,106.9,,,,,,,,,,,,,,,,,,,,,21.2,0.0
Laviska Shenault,,,,,,115.8,,,,,,,,,,,,,,,,,,,,,17.0,0.0
Le'Veon Bell,,,,,,0.0,,,,,,,,,,,,,,,,,,,,,0.0,0.0
LeQuint Allen,,,,,,24.5,,,,,,,,,,,,,,,,,,,,,3.6,0.0
Leonard Fournette,,,,,,479.2,,,,,,,,,,,,,,,,,,,,,44.1,0.0
Lil'Jordan Humphrey,,,,,,8.6,,,,,,,,,,,,,,,,,,,,,6.8,0.0
Logan Thomas,,,,,,167.9,,,,,,,,,,,,,,,,,,,,,20.7,0.0
Luke McCaffrey,,,,,,66.6,,,,,,,,,,,,,,,,,,,,,10.3,0.0
Luke Musgrave,,,,,,85.5,,,,,,,,,,,,,,,,,,,,,14.1,-0.1
Luke Schoonmaker,,,,,,27.8,,,,,,,,,,,,,,,,,,,,,10.3,0.0
Luther Burden,,,,,,92.6,,,,,,,,,,,,,,,,,,,,,19.8,0.0
Mac Jones,,,,,,465.36,,,,,,,,,,,,,,,,,,,,,24.14,-1.6
Mack Hollins,,,,,,6.3,,,,,,,,,,,,,,,,,,,,,6.3,6.3
Malachi Corley,,,,,,5.2,,,,,,,,,,,,,,,,,,,,,2.0,-0.2
Malik Nabers,,,,,,312.3,,,,,,,,,,,,,,,,,,,,,37.7,0.0
Malik Washington,,,,,,109.2,,,,,,,,,,,,,,,,,,,,,13.6,0.0
Malik Willis,,,,,,18.34,,,,,,,,,,,,,,,,,,,,,9.26,-2.4
MarShawn Lloyd,,,,,,2.8,,,,,,,,,,,,,,,,,,,,,2.8,0.0
Marcus Mariota,,,,,,2.86,,,,,,,,,,,,,,,,,,,,,2.86,2.86
Mark Andrews,,,,,,900.7,,,,,,,,,,,,,,,,,,,,,41.7,0.0
Mark Ingram,,,,,,63.8,,,,,,,,,,,,,,,,,,,,,20.8,0.0
Marlon Mack,,,,,,2.2,,,,,,,,,,,,,,,,,,,,,2.2,2.2
Marquez Callaway,,,,,,151.79999999999998,,,,,,,,,,,,,,,,,,,,,24.5,0.0
Marquez Valdes-Scantling,,,,,,138.6,,,,,,,,,,,,,,,,,,,,,16.7,0.0
Marquise Brown,,,,,,620.6,,,,,,,,,,,,,,,,,,,,,33.5,0.0
Marvin Harrison,,,,,,307.0,,,,,,,,,,,,,,,,,,,,,29.0,0.0
Marvin Jones,,,,,,172.5,,,,,,,,,,,,,,,,,,,,,23.0,0.0
Marvin Mims,,,,,,259.4,,,,,,,,,,,,,,,,,,,,,29.2,-1.1
Mason Taylor,,,,,,88.9,,,,,,,,,,,,,,,,,,,,,17.7,0.0
Mason Tipton,,,,,,3.4,,,,,,,,,,,,,,,,,,,,,3.4,3.4
Matt Breida,,,,,,3.4,,,,,,,,,,,,,,,,,,,,,3.4,3.4
Matt Ryan,,,,,,291.5,,,,,,,,,,,,,,,,,,,,,29.02,-0.32
Matthew Golden,,,,,,66.0,,,,,,,,,,,,,,,,,,,,,13.2,0.0
Matthew Stafford,,,,,,1176.24,,,,,,,,,,,,,,,,,,,,,30.88,0.0
Max Brosmer,,,,,,-3.06,,,,,,,,,,,,,,,,,,,,,-3.06,-3.06
Maxx Williams,,,,,,2.4,,,,,,,,,,,,,,,,,,,,,2.4,2.4
Mecole Hardman,,,,,,216.6,,,,,,,,,,,,,,,,,,,,,28.0,0.0
Melvin Gordon,,,,,,262.6,,,,,,,,,,,,,,,,,,,,,23.1,-1.2
Michael Carter,,,,,,283.4,,,,,,,,,,,,,,,,,,,,,32.2,0.0
Michael Gallup,,,,,,233.3,,,,,,,,,,,,,,,,,,,,,18.3,0.0
Michael Mayer,,,,,,127.1,,,,,,,,,,,,,,,,,,,,,16.0,0.0
Michael Penix,,,,,,135.4,,,,,,,,,,,,,,,,,,,,,23.02,0.0
Michael Pittman,,,,,,1010.8,,,,,,,,,,,,,,,,,,,,,30.6,0.0
Michael Thomas,,,,,,140.9,,,,,,,,,,,,,,,,,,,,,22.7,0.0
Michael Wilson,,,,,,302.5,,,,,,,,,,,,,,,,,,,,,37.2,0.0
Mike Boone,,,,,,12.9,,,,,,,,,,,,,,,,,,,,,11.5,1.4
Mike Davis,,,,,,135.5,,,,,,,,,,,,,,,,,,,,,16.9,0.0
Mike Evans,,,,,,1028.1,,,,,,,,,,,,,,,,,,,,,48.7,0.0
Mike Gesicki,,,,,,354.0,,,,,,,,,,,,,,,,,,,,,24.9,0.0
Mike White,,,,,,28.78,,,,,,,,,,,,,,,,,,,,,17.46,-2.0
Mike Williams,,,,,,478.0,,,,,,,,,,,,,,,,,,,,,36.5,0.0
Miles Sanders,,,,,,417.40000000000003,,,,,,,,,,,,,,,,,,,,,31.0,0.0
Mitchell Evans,,,,,,45.1,,,,,,,,,,,,,,,,,,,,,11.3,0.0
Mitchell Trubisky,,,,,,33.46,,,,,,,,,,,,,,,,,,,,,20.6,12.86
Myles Gaskin,,,,,,168.6,,,,,,,,,,,,,,,,,,,,,31.9,0.0
Najee Harris,,,,,,870.46,,,,,,,,,,,,,,,,,,,,,29.6,0.0
Nelson Agholor,,,,,,45.9,,,,,,,,,,,,,,,,,,,,,18.2,3.7
Nick Chubb,,,,,,640.1,,,,,,,,,,,,,,,,,,,,,32.3,0.0
Nick Mullens,,,,,,17.12,,,,,,,,,,,,,,,,,,,,,17.12,17.12
Nick Westbrook-Ikhine,,,,,,34.2,,,,,,,,,,,,,,,,,,,,,9.7,2.9
Nico Collins,,,,,,802.9,,,,,,,,,,,,,,,,,,,,,35.8,0.0
Noah Brown,,,,,,39.7,,,,,,,,,,,,,,,,,,,,,22.2,0.0
Noah Fant,,,,,,166.2,,,,,,,,,,,,,,,,,,,,,24.7,0.0
Noah Gray,,,,,,37.7,,,,,,,,,,,,,,,,,,,,,10.1,1.5
Nyheim Miller-Hines,,,,,,77.5,,,,,,,,,,,,,,,,,,,,,18.9,0.0
Odell Beckham,,,,,,192.3,,,,,,,,,,,,,,,,,,,,,19.7,0.0
Olamide Zaccheaus,,,,,,25.8,,,,,,,,,,,,,,,,,,,,,23.3,2.5
Ollie Gordon,,,,,,52.0,,,,,,,,,,,,,,,,,,,,,13.6,-0.3
Omarion Hampton,,,,,,114.7,,,,,,,,,,,,,,,,,,,,,27.5,0.0
Oronde Gadsden,,,,,,114.89999999999999,,,,,,,,,,,,,,,,,,,,,29.4,0.0
P.J. Walker,,,,,,4.28,,,,,,,,,,,,,,,,,,,,,4.28,4.28
Parker Washington,,,,,,154.3,,,,,,,,,,,,,,,,,,,,,24.3,0.0
Parris Campbell,,,,,,79.9,,,,,,,,,,,,,,,,,,,,,20.6,0.0
Pat Bryant,,,,,,67.7,,,,,,,,,,,,,,,,,,,,,13.2,0.0
Pat Freiermuth,,,,,,602.3,,,,,,,,,,,,,,,,,,,,,28.1,0.0
Patrick Mahomes,,,,,,1569.8,,,,,,,,,,,,,,,,,,,,,36.24,0.0
Patrick Taylor,,,,,,12.0,,,,,,,,,,,,,,,,,,,,,8.5,0.0
Philip Rivers,,,,,,21.88,,,,,,,,,,,,,,,,,,,,,16.08,0.0
Phillip Lindsay,,,,,,8.5,,,,,,,,,,,,,,,,,,,,,8.5,8.5
Puka Nacua,,,,,,823.3,,,,,,,,,,,,,,,,,,,,,46.5,0.0
Quentin Johnston,,,,,,389.2,,,,,,,,,,,,,,,,,,,,,24.9,0.0
Quinn Ewers,,,,,,7.0200000000000005,,,,,,,,,,,,,,,,,,,,,6.9,0.0
Quinshon Judkins,,,,,,169.8,,,,,,,,,,,,,,,,,,,,,26.4,0.0
Quintez Cephus,,,,,,20.900000000000002,,,,,,,,,,,,,,,,,,,,,12.3,1.8
RJ Harvey,,,,,,183.7,,,,,,,,,,,,,,,,,,,,,24.1,0.0
Rachaad White,,,,,,724.0,,,,,,,,,,,,,,,,,,,,,29.1,0.0
Raheem Mostert,,,,,,465.4,,,,,,,,,,,,,,,,,,,,,45.2,-0.2
Randall Cobb,,,,,,3.4,,,,,,,,,,,,,,,,,,,,,3.4,3.4
Rashaad Penny,,,,,,113.89999999999999,,,,,,,,,,,,,,,,,,,,,32.5,0.0
Rashee Rice,,,,,,424.5,,,,,,,,,,,,,,,,,,,,,29.1,0.0
Rashid Shaheed,,,,,,413.0,,,,,,,,,,,,,,,,,,,,,24.3,0.0
Rashod Bateman,,,,,,397.2,,,,,,,,,,,,,,,,,,,,,23.0,0.0
Ray Davis,,,,,,137.7,,,,,,,,,,,,,,,,,,,,,18.2,0.0
Ray-Ray McCloud,,,,,,36.0,,,,,,,,,,,,,,,,,,,,,16.1,2.4
Rex Burkhead,,,,,,9.9,,,,,,,,,,,,,,,,,,,,,7.0,2.9
Rhamondre Stevenson,,,,,,777.1,,,,,,,,,,,,,,,,,,,,,27.4,0.0
Richie James,,,,,,-0.1,,,,,,,,,,,,,,,,,,,,,-0.1,-0.1
Ricky Pearsall,,,,,,149.7,,,,,,,,,,,,,,,,,,,,,28.7,0.0
Ricky Seals-Jones,,,,,,11.1,,,,,,,,,,,,,,,,,,,,,11.1,11.1
Rico Dowdle,,,,,,421.4,,,,,,,,,,,,,,,,,,,,,32.9,0.0
Riley Leonard,,,,,,10.4,,,,,,,,,,,,,,,,,,,,,10.3,0.0
Rob Gronkowski,,,,,,150.5,,,,,,,,,,,,,,,,,,,,,29.0,0.0
Robbie Chosen,,,,,,127.1,,,,,,,,,,,,,,,,,,,,,21.4,0.0
Robert Tonyan,,,,,,60.1,,,,,,,,,,,,,,,,,,,,,16.3,0.0
Robert Woods,,,,,,221.9,,,,,,,,,,,,,,,,,,,,,27.0,0.0
Roman Wilson,,,,,,-0.6,,,,,,,,,,,,,,,,,,,,,0.0,-0.6
Rome Odunze,,,,,,286.2,,,,,,,,,,,,,,,,,,,,,31.8,0.0
Romeo Doubs,,,,,,561.3,,,,,,,,,,,,,,,,,,,,,29.8,0.0
Ronald Jones,,,,,,49.1,,,,,,,,,,,,,,,,,,,,,16.1,-0.6
Rondale Moore,,,,,,291.4,,,,,,,,,,,,,,,,,,,,,23.4,-0.6
Ronnie Rivers,,,,,,0.1,,,,,,,,,,,,,,,,,,,,,0.1,0.0
Roschon Johnson,,,,,,169.6,,,,,,,,,,,,,,,,,,,,,17.5,0.0
Royce Freeman,,,,,,1.2,,,,,,,,,,,,,,,,,,,,,1.2,1.2
Russell Gage,,,,,,146.6,,,,,,,,,,,,,,,,,,,,,24.7,0.0
Russell Wilson,,,,,,871.4399999999999,,,,,,,,,,,,,,,,,,,,,29.3,-0.68
Ryan Fitzpatrick,,,,,,-0.28,,,,,,,,,,,,,,,,,,,,,0.0,-0.28
Ryan Tannehill,,,,,,401.14,,,,,,,,,,,,,,,,,,,,,21.48,0.0
Sam Darnold,,,,,,694.0,,,,,,,,,,,,,,,,,,,,,34.58,0.0
Sam Ehlinger,,,,,,13.559999999999999,,,,,,,,,,,,,,,,,,,,,7.54,0.0
Sam Howell,,,,,,248.12,,,,,,,,,,,,,,,,,,,,,29.98,-1.76
Sam LaPorta,,,,,,493.6,,,,,,,,,,,,,,,,,,,,,29.0,0.0
Samaje Perine,,,,,,160.8,,,,,,,,,,,,,,,,,,,,,21.5,0.0
Sammy Watkins,,,,,,38.4,,,,,,,,,,,,,,,,,,,,,10.8,0.0
Saquon Barkley,,,,,,1202.0,,,,,,,,,,,,,,,,,,,,,46.2,0.0
Savion Williams,,,,,,4.3,,,,,,,,,,,,,,,,,,,,,4.3,0.0
Sean Tucker,,,,,,98.4,,,,,,,,,,,,,,,,,,,,,34.0,0.0
Shedeur Sanders,,,,,,69.42,,,,,,,,,,,,,,,,,,,,,33.46,0.0
Sincere McCormick,,,,,,4.5,,,,,,,,,,,,,,,,,,,,,4.5,0.0
Sione Vaki,,,,,,4.0,,,,,,,,,,,,,,,,,,,,,4.0,4.0
Skyy Moore,,,,,,97.1,,,,,,,,,,,,,,,,,,,,,16.0,-2.0
Sony Michel,,,,,,82.9,,,,,,,,,,,,,,,,,,,,,21.9,0.2
Spencer Rattler,,,,,,147.72,,,,,,,,,,,,,,,,,,,,,20.68,0.0
Stefon Diggs,,,,,,1118.12,,,,,,,,,,,,,,,,,,,,,44.8,0.0
Sterling Shepard,,,,,,82.5,,,,,,,,,,,,,,,,,,,,,24.3,0.0
T.J. Hockenson,,,,,,773.5,,,,,,,,,,,,,,,,,,,,,39.9,0.0
T.Y. Hilton,,,,,,15.6,,,,,,,,,,,,,,,,,,,,,12.0,0.0
Tahj Brooks,,,,,,3.5,,,,,,,,,,,,,,,,,,,,,1.7,0.0
Tank Bigsby,,,,,,150.29999999999998,,,,,,,,,,,,,,,,,,,,,24.9,-1.1
Tank Dell,,,,,,304.0,,,,,,,,,,,,,,,,,,,,,29.6,0.0
Tanner Hudson,,,,,,1.5,,,,,,,,,,,,,,,,,,,,,1.5,1.5
Tarik Cohen,,,,,,0.0,,,,,,,,,,,,,,,,,,,,,0.0,0.0
Taylor Heinicke,,,,,,158.88,,,,,,,,,,,,,,,,,,,,,27.9,0.0
Taysom Hill,,,,,,368.5,,,,,,,,,,,,,,,,,,,,,41.52,-1.1
Teddy Bridgewater,,,,,,161.0,,,,,,,,,,,,,,,,,,,,,21.86,0.0
Tee Higgins,,,,,,974.0,,,,,,,,,,,,,,,,,,,,,43.4,0.0
Terrace Marshall,,,,,,139.9,,,,,,,,,,,,,,,,,,,,,14.3,0.0
Terrance Ferguson,,,,,,38.7,,,,,,,,,,,,,,,,,,,,,12.3,0.0
Terry McLaurin,,,,,,950.2,,,,,,,,,,,,,,,,,,,,,30.3,0.0
Tetairoa McMillan,,,,,,199.4,,,,,,,,,,,,,,,,,,,,,33.0,0.0
Tevin Coleman,,,,,,10.7,,,,,,,,,,,,,,,,,,,,,10.7,10.7
Tez Johnson,,,,,,85.3,,,,,,,,,,,,,,,,,,,,,20.2,0.0
Theo Johnson,,,,,,195.9,,,,,,,,,,,,,,,,,,,,,21.3,0.0
Tim Boyle,,,,,,4.12,,,,,,,,,,,,,,,,,,,,,4.12,4.12
Tim Patrick,,,,,,30.6,,,,,,,,,,,,,,,,,,,,,13.2,3.6
Tom Brady,,,,,,612.0,,,,,,,,,,,,,,,,,,,,,37.74,0.0
Tommy DeVito,,,,,,86.88,,,,,,,,,,,,,,,,,,,,,22.54,0.0
Tommy Tremble,,,,,,0.0,,,,,,,,,,,,,,,,,,,,,0.0,0.0
Tony Jones,,,,,,15.4,,,,,,,,,,,,,,,,,,,,,6.3,0.7
Tony Pollard,,,,,,963.8000000000001,,,,,,,,,,,,,,,,,,,,,36.9,0.0
Tory Horton,,,,,,65.1,,,,,,,,,,,,,,,,,,,,,20.8,0.0
Travis Etienne,,,,,,824.5,,,,,,,,,,,,,,,,,,,,,36.4,-0.1
Travis Hunter,,,,,,62.800000000000004,,,,,,,,,,,,,,,,,,,,,24.1,0.0
Travis Kelce,,,,,,1150.1,,,,,,,,,,,,,,,,,,,,,41.1,0.0
Tre Tucker,,,,,,217.8,,,,,,,,,,,,,,,,,,,,,22.6,0.0
Tre' Harris,,,,,,62.1,,,,,,,,,,,,,,,,,,,,,9.4,0.0
Tre' McKitty,,,,,,0.0,,,,,,,,,,,,,,,,,,,,,0.0,0.0
Tre'Quan Smith,,,,,,0.0,,,,,,,,,,,,,,,,,,,,,0.0,0.0
TreVeyon Henderson,,,,,,180.7,,,,,,,,,,,,,,,,,,,,,32.3,0.0
Trestan Ebner,,,,,,0.8,,,,,,,,,,,,,,,,,,,,,0.8,0.8
Trevor Etienne,,,,,,10.7,,,,,,,,,,,,,,,,,,,,,3.9,-2.0
Trevor Lawrence,,,,,,1133.16,,,,,,,,,,,,,,,,,,,,,44.3,0.0
Trey Benson,,,,,,81.3,,,,,,,,,,,,,,,,,,,,,12.5,0.0
Trey Lance,,,,,,76.38,,,,,,,,,,,,,,,,,,,,,20.38,0.0
Trey McBride,,,,,,730.6,,,,,,,,,,,,,,,,,,,,,37.4,0.0
Trey Palmer,,,,,,59.2,,,,,,,,,,,,,,,,,,,,,16.4,0.0
Trey Sermon,,,,,,49.5,,,,,,,,,,,,,,,,,,,,,18.3,0.0
Treylon Burks,,,,,,128.1,,,,,,,,,,,,,,,,,,,,,18.1,0.0
Troy Franklin,,,,,,235.29999999999998,,,,,,,,,,,,,,,,,,,,,26.9,0.0
Tua Tagovailoa,,,,,,971.7,,,,,,,,,,,,,,,,,,,,,38.86,-4.4
Tucker Kraft,,,,,,336.0,,,,,,,,,,,,,,,,,,,,,33.3,0.0
Tutu Atwell,,,,,,94.89999999999999,,,,,,,,,,,,,,,,,,,,,17.2,0.0
Ty Chandler,,,,,,97.1,,,,,,,,,,,,,,,,,,,,,24.7,0.0
Ty Johnson,,,,,,134.7,,,,,,,,,,,,,,,,,,,,,19.6,0.0
Ty'Son Williams,,,,,,30.9,,,,,,,,,,,,,,,,,,,,,18.4,0.0
Tyjae Spears,,,,,,344.7,,,,,,,,,,,,,,,,,,,,,27.2,0.0
Tyler Allgeier,,,,,,492.2,,,,,,,,,,,,,,,,,,,,,24.4,0.0
Tyler Boyd,,,,,,489.26,,,,,,,,,,,,,,,,,,,,,29.5,0.0
Tyler Conklin,,,,,,91.3,,,,,,,,,,,,,,,,,,,,,25.9,0.0
Tyler Higbee,,,,,,375.7,,,,,,,,,,,,,,,,,,,,,30.4,0.0
Tyler Huntley,,,,,,52.199999999999996,,,,,,,,,,,,,,,,,,,,,12.2,4.02
Tyler Johnson,,,,,,17.4,,,,,,,,,,,,,,,,,,,,,5.0,1.8
Tyler Lockett,,,,,,737.8,,,,,,,,,,,,,,,,,,,,,31.8,0.0
Tyler Shough,,,,,,109.96000000000001,,,,,,,,,,,,,,,,,,,,,21.26,0.0
Tyler Warren,,,,,,170.6,,,,,,,,,,,,,,,,,,,,,18.3,0.0
Tyquan Thornton,,,,,,13.299999999999999,,,,,,,,,,,,,,,,,,,,,8.1,0.0
Tyreek Hill,,,,,,1259.1,,,,,,,,,,,,,,,,,,,,,47.6,0.0
Tyrell Williams,,,,,,3.4,,,,,,,,,,,,,,,,,,,,,3.4,0.0
Tyrion Davis-Price,,,,,,7.199999999999999,,,,,,,,,,,,,,,,,,,,,3.3,0.0
Tyrod Taylor,,,,,,2.62,,,,,,,,,,,,,,,,,,,,,2.62,0.0
Tyrone Tracy,,,,,,296.9,,,,,,,,,,,,,,,,,,,,,24.7,0.0
Van Jefferson,,,,,,135.3,,,,,,,,,,,,,,,,,,,,,18.3,0.0
Wan'Dale Robinson,,,,,,534.3,,,,,,,,,,,,,,,,,,,,,29.6,0.0
Will Dissly,,,,,,34.7,,,,,,,,,,,,,,,,,,,,,18.0,0.0
Will Levis,,,,,,204.16,,,,,,,,,,,,,,,,,,,,,26.62,-4.44
Will Shipley,,,,,,14.0,,,,,,,,,,,,,,,,,,,,,5.4,-0.7
William Fuller,,,,,,8.6,,,,,,,,,,,,,,,,,,,,,7.0,0.0
Woody Marks,,,,,,134.8,,,,,,,,,,,,,,,,,,,,,27.9,0.0
Xavier Hutchinson,,,,,,0.0,,,,,,,,,,,,,,,,,,,,,0.0,0.0
Xavier Legette,,,,,,200.9,,,,,,,,,,,,,,,,,,,,,24.2,0.0
Xavier Worthy,,,,,,297.0,,,,,,,,,,,,,,,,,,,,,22.9,-1.0
Zach Charbonnet,,,,,,412.4,,,,,,,,,,,,,,,,,,,,,38.3,0.0
Zach Ertz,,,,,,523.8,,,,,,,,,,,,,,,,,,,,,28.8,0.0
Zach Evans,,,,,,0.6,,,,,,,,,,,,,,,,,,,,,0.6,0.0
Zach Wilson,,,,,,292.42,,,,,,,,,,,,,,,,,,,,,23.18,-0.96
Zack Moss,,,,,,363.7,,,,,,,,,,,,,,,,,,,,,33.5,0.0
Zamir White,,,,,,96.7,,,,,,,,,,,,,,,,,,,,,17.5,-0.7
Zay Flowers,,,,,,613.3,,,,,,,,,,,,,,,,,,,,,29.7,0.0
Zay Jones,,,,,,154.7,,,,,,,,,,,,,,,,,,,,,34.9,0.0
Zonovan Knight,,,,,,82.5,,,,,,,,,,,,,,,,,,,,,16.8,-0.2
